serial_no,issue_date,file_number,company_name,equipment,certificate_no,online_application_no,pdf_url
1,2026-01-01,I-21/371/2025-W&M Section,GOONJ COMMUNICATION & ELECTRONIC SCALE CO.,Any other Weight or Measure,1,23611,https://lm.doca.gov.in/ModelApproval/Certificates/2026/1.pdf
2,2026-01-01,I-21/1/2026-W&M,NILKANTH DIGITAL SCALE CO.,Non-automatic weighing instrument,2,23672,https://lm.doca.gov.in/ModelApproval/Certificates/2026/2.pdf
3,2026-01-01,I-21/1/2026-W&M,NILKANTH DIGITAL SCALE CO.,Non-automatic weighing instrument,3,23676,https://lm.doca.gov.in/ModelApproval/Certificates/2026/3.pdf
4,2026-01-07,I-21/2/2026-W&M Section,QUANTICA ENGINEERING WORKS PRIVATE LIMITED,Non-automatic weighing instrument,23621,23621,https://lm.doca.gov.in/ModelApproval/Certificates/2026/23621.pdf
5,2026-01-07,I-21/5/2026-W&M Section,MAKITA POWER TOOLS INDIA PRIVATE LIMITED,Measuring tape,5,23585,https://lm.doca.gov.in/ModelApproval/Certificates/2026/5.pdf
6,2026-01-07,I-21/380/2025-W&M Section,Minebea Intec India Private Limited.,Any other Weight or Measure,6,15364,https://lm.doca.gov.in/ModelApproval/Certificates/2026/6.pdf
7,2026-01-07,I-21/346/2025-W&M Section,MADURAI METRIC WORKS,Non-automatic weighing instrument,7,23486,https://lm.doca.gov.in/ModelApproval/Certificates/2026/7.pdf
8,2026-01-07,I-21/346/2025-W&M Section,MADURAI METRIC WORKS,Non-automatic weighing instrument,8,23487,https://lm.doca.gov.in/ModelApproval/Certificates/2026/8.pdf
9,2026-01-07,I-21/372/2025-W&M Section,AXPERT ENTERPRISE,Non-automatic weighing instrument,9,23511,https://lm.doca.gov.in/ModelApproval/Certificates/2026/9.pdf
10,2026-01-07,I-21/372/2025-W&M Section,AXPERT ENTERPRISE,Non-automatic weighing instrument,10,23512,https://lm.doca.gov.in/ModelApproval/Certificates/2026/10.pdf
11,2026-01-07,I-21/372/2025-W&M Section,AXPERT ENTERPRISE,Non-automatic weighing instrument,11,23523,https://lm.doca.gov.in/ModelApproval/Certificates/2026/11.pdf
12,2026-01-07,I-21/372/2025-W&M Section,AXPERT ENTERPRISE,Non-automatic weighing instrument,12,23524,https://lm.doca.gov.in/ModelApproval/Certificates/2026/12.pdf
13,2026-01-07,I-21/352/2025-W&M Section,VAIGAI ELECTRONICS,Non-automatic weighing instrument,13,23488,https://lm.doca.gov.in/ModelApproval/Certificates/2026/13.pdf
14,2026-01-07,I-21/361/2025-W&M Section,PESER AUTOMATION AND DIGITAL SYSTEMS (OPC) PRIVATE LIMITED,Any other Weight or Measure,14,22078,https://lm.doca.gov.in/ModelApproval/Certificates/2026/14.pdf
15,2026-01-07,I-21/381/2025-W&M Section,ESSAE DIGITRONICS PRIVATE LIMITED,Automatic Gravimetric Filling Instrument,15,17297,https://lm.doca.gov.in/ModelApproval/Certificates/2026/15.pdf
16,2026-01-08,I-21/313/2025-W&M Section,PRAYAS ENGINEERING LIMITED,Any other Weight or Measure,16,22131,https://lm.doca.gov.in/ModelApproval/Certificates/2026/16.pdf
17,2026-01-08,I-21/6/2026-W&M Section,GIYANA INDUSTRIES PRIVATE LIMITED,Measuring tape,17,23494,https://lm.doca.gov.in/ModelApproval/Certificates/2026/17.pdf
18,2026-01-08,I-21/3/2026-W&M Section,NIVI TECHNOLOGIES,Non-automatic weighing instrument,18,23653,https://lm.doca.gov.in/ModelApproval/Certificates/2026/18.pdf
19,2026-01-08,I-21/3/2026-W&M Section,NIVI TECHNOLOGIES,Non-automatic weighing instrument,19,23652,https://lm.doca.gov.in/ModelApproval/Certificates/2026/19.pdf
20,2026-01-08,I-21/3/2026-W&M Section,NIVI TECHNOLOGIES,Non-automatic weighing instrument,20,23654,https://lm.doca.gov.in/ModelApproval/Certificates/2026/20.pdf
21,2026-01-08,I-21/370/2025-W&M Section,SHREE BALAJI ELECTRONIC,Non-automatic weighing instrument,21,22075,https://lm.doca.gov.in/ModelApproval/Certificates/2026/21.pdf
22,2026-01-08,I-21/8/2026-W&M Section,GILBARCO VEEDER ROOT INDIA PRIVATE LIMITED,Measuring Systems for Liquids Other than Water,22,23810,https://lm.doca.gov.in/ModelApproval/Certificates/2026/22.pdf
23,2026-01-09,I-21/4/2026-W&M Section,MANGAL MURTI WEIGHING SOLUTIONS,Non-automatic weighing instrument,23,23662,https://lm.doca.gov.in/ModelApproval/Certificates/2026/23.pdf
24,2026-01-09,I-21/4/2026-W&M Section,MANGAL MURTI WEIGHING SOLUTIONS,Non-automatic weighing instrument,24,23663,https://lm.doca.gov.in/ModelApproval/Certificates/2026/24.pdf
25,2026-01-09,I-21/7/2026-W&M Section,RHINO SERVICES PRIVATE LIMITED,CNG Dispenser,25,23464,https://lm.doca.gov.in/ModelApproval/Certificates/2026/25.pdf
26,2026-01-09,I-21/377/2025-W&M Section,CONCRAFT TECHNOLOGIES PRIVATE LIMITED,Discontinuous Totalizing Automatic Weighing Instrument (Hopper weigher),26,23468,https://lm.doca.gov.in/ModelApproval/Certificates/2026/26.pdf
27,2026-01-14,I-21/9/2026-W&M Section,ESSAE -TERAOKA PRIVATE LIMITED,Non-automatic weighing instrument,27,23457,https://lm.doca.gov.in/ModelApproval/Certificates/2026/27.pdf
28,2026-01-15,I-21/10/2026-W&M Section,EVERYMANS INSTRUMENTS CO,Non-automatic weighing instrument,28,23615,https://lm.doca.gov.in/ModelApproval/Certificates/2026/28.pdf
29,2026-01-15,I-21/10/2026-W&M Section,EVERYMANS INSTRUMENTS CO,Non-automatic weighing instrument,29,23616,https://lm.doca.gov.in/ModelApproval/Certificates/2026/29.pdf
30,2026-01-15,I-21/372/2025-W&M Section,AXPERT ENTERPRISE,Non-automatic weighing instrument,30,23510,https://lm.doca.gov.in/ModelApproval/Certificates/2026/30.pdf
31,2026-01-16,I-21/14/2026-W&M Section,ORBIT WEIGHING SYSTEM,Non-automatic weighing instrument,31,23787,https://lm.doca.gov.in/ModelApproval/Certificates/2026/31.pdf
32,2026-01-16,I-21/13/2026-W&M Section,M*TECH INSTRUMENTS,Non-automatic weighing instrument,32,23789,https://lm.doca.gov.in/ModelApproval/Certificates/2026/32.pdf
33,2026-01-16,I-21/13/2026-W&M Section,M*TECH INSTRUMENTS,Non-automatic weighing instrument,33,23790,https://lm.doca.gov.in/ModelApproval/Certificates/2026/33.pdf
34,2026-01-16,I-21/13/2026-W&M Section,M*TECH INSTRUMENTS,Non-automatic weighing instrument,34,23791,https://lm.doca.gov.in/ModelApproval/Certificates/2026/34.pdf
35,2026-01-23,I-21/16/2026-W&M Section,GIYANA INDUSTRIES PRIVATE LIMITED,Measuring tape,35,23805,https://lm.doca.gov.in/ModelApproval/Certificates/2026/35.pdf
36,2026-01-27,I-21/15/2026-W&M Section,SINGHA SCALES,Non-automatic weighing instrument,23678,23678,https://lm.doca.gov.in/ModelApproval/Certificates/2026/23678.pdf
37,2026-01-27,I-21/15/2026-W&M Section,SINGHA SCALES,Non-automatic weighing instrument,37,23673,https://lm.doca.gov.in/ModelApproval/Certificates/2026/37.pdf
38,2026-01-27,I-21/18/2026-W&M Section,KALLAPPA PIRGONDA KOLI,Non-automatic weighing instrument,38,23548,https://lm.doca.gov.in/ModelApproval/Certificates/2026/38.pdf
39,2026-01-27,I-21/330/2025-W&M Section,ENDEAVOUR INSTRUMENT PRIVATE LIMITED,Catch Weighing Instrument (Check Weigher),39,23327,https://lm.doca.gov.in/ModelApproval/Certificates/2026/39.pdf
40,2026-01-28,I-21/12/2026-W&M Section,ABINASH DIGITAL SCALES,Non-automatic weighing instrument,40,23613,https://lm.doca.gov.in/ModelApproval/Certificates/2026/40.pdf
41,2026-01-28,I-21/12/2026-W&M Section,ABINASH DIGITAL SCALES,Non-automatic weighing instrument,23614,23614,https://lm.doca.gov.in/ModelApproval/Certificates/2026/23614.pdf
42,2026-01-28,I-21/20/2026-W&M Section,VIGNESH ENGINEERING SYSTEMS,Non-automatic weighing instrument,42,23674,https://lm.doca.gov.in/ModelApproval/Certificates/2026/42.pdf
43,2026-01-29,I-21/24/2026-W&M Section,CELTRONIC AUTOMATION PRIVATE LIMITED,Non-automatic weighing instrument,43,23493,https://lm.doca.gov.in/ModelApproval/Certificates/2026/43.pdf
44,2026-01-29,I-21/25/2026-W&M Section,MAHADEV ENGINEERING WORKS SALES AND SERVICE,Non-automatic weighing instrument,44,23813,https://lm.doca.gov.in/ModelApproval/Certificates/2026/44.pdf
45,2026-01-29,I-21/25/2026-W&M Section,MAHADEV ENGINEERING WORKS SALES AND SERVICE,Non-automatic weighing instrument,45,23814,https://lm.doca.gov.in/ModelApproval/Certificates/2026/45.pdf
46,2026-01-29,I-21/26/2026-W&M Section,TRU-BALANCE INDUSTRY,Non-automatic weighing instrument,46,23823,https://lm.doca.gov.in/ModelApproval/Certificates/2026/46.pdf
47,2026-01-29,I-21/26/2026-W&M Section,TRU-BALANCE INDUSTRY,Non-automatic weighing instrument,47,23824,https://lm.doca.gov.in/ModelApproval/Certificates/2026/47.pdf
48,2026-01-30,I-21/29/2026-W&M Section,FLSMIDTH CEMENT INDIA LLP,Automatic Gravimetric Filling Instrument,48,23832,https://lm.doca.gov.in/ModelApproval/Certificates/2026/48.pdf
49,2026-01-30,I-21/28/2026-W&M Section,GEN X INTERNATIONAL,Non-automatic weighing instrument,49,23774,https://lm.doca.gov.in/ModelApproval/Certificates/2026/49.pdf
50,2026-01-30,I-21/21/2026-W&M Section,CHUGH SCALES PRIVATE LIMITED,Non-automatic weighing instrument,50,23641,https://lm.doca.gov.in/ModelApproval/Certificates/2026/50.pdf
51,2026-02-03,I-21/30/2026-W&M Section,ACCURATE ELECTRONICS,Non-automatic weighing instrument,51,23815,https://lm.doca.gov.in/ModelApproval/Certificates/2026/51.pdf
52,2026-02-03,I-21/30/2026-W&M Section,ACCURATE ELECTRONICS,Non-automatic weighing instrument,52,23816,https://lm.doca.gov.in/ModelApproval/Certificates/2026/52.pdf
53,2026-02-03,I-21/356/2025-W&M Section,METTLER-TOLEDO INDIA PRIVATE LIMITED,Non-automatic weighing instrument,53,23462,https://lm.doca.gov.in/ModelApproval/Certificates/2026/53.pdf
54,2026-02-03,I-21/31/2026-W&M Section,RADIANT ELECTRONICS,Non-automatic weighing instrument,54,23453,https://lm.doca.gov.in/ModelApproval/Certificates/2026/54.pdf
55,2026-02-03,I-21/31/2026-W&M Section,RADIANT ELECTRONICS,Non-automatic weighing instrument,55,23625,https://lm.doca.gov.in/ModelApproval/Certificates/2026/55.pdf
56,2026-02-06,I-21/33/2026-W&M Section,THAMES SIDE SENSORS INDIA PRIVATE LIMITED,Non-automatic weighing instrument,56,23838,https://lm.doca.gov.in/ModelApproval/Certificates/2026/56.pdf
57,2026-02-09,I-21/34/2026-W&M Section,OMRON HEALTHCARE INDIA PRIVATE LIMITED,Sphygmomanometer (Blood Pressure Meter),57,23664,https://lm.doca.gov.in/ModelApproval/Certificates/2026/57.pdf
58,2026-02-09,I-21/368/2025-W&M Section,INTERVET INDIA PRIVATE LIMITED,Non-automatic weighing instrument,58,23547,https://lm.doca.gov.in/ModelApproval/Certificates/2026/58.pdf
59,2026-02-10,I-21/35/2026-W&M Section,H.P.S INDUSTRIES,Non-automatic weighing instrument,59,23782,https://lm.doca.gov.in/ModelApproval/Certificates/2026/59.pdf
60,2026-02-10,I-21/35/2026-W&M Section,H.P.S INDUSTRIES,Non-automatic weighing instrument,60,23783,https://lm.doca.gov.in/ModelApproval/Certificates/2026/60.pdf
61,2026-02-11,I-21/37/2026-W&M Section,INDUS WEIGHING SYSTEMS PRIVATE LIMITED,Non-automatic weighing instrument,61,23812,https://lm.doca.gov.in/ModelApproval/Certificates/2026/61.pdf
62,2026-02-12,I-21/11/2026-W&M Section,VISHWAKARMA SERVICES,Non-automatic weighing instrument,62,23799,https://lm.doca.gov.in/ModelApproval/Certificates/2026/62.pdf
63,2026-02-12,I-21/11/2026-W&M Section,VISHWAKARMA SERVICES,Non-automatic weighing instrument,63,23800,https://lm.doca.gov.in/ModelApproval/Certificates/2026/63.pdf
64,2026-02-17,I-21/40/2026-W&M Section,"M/S,HILAL SCALE COMPANY",Non-automatic weighing instrument,64,23779,https://lm.doca.gov.in/ModelApproval/Certificates/2026/64.pdf
65,2026-02-17,I-21/40/2026-W&M Section,"M/S,HILAL SCALE COMPANY",Non-automatic weighing instrument,65,23780,https://lm.doca.gov.in/ModelApproval/Certificates/2026/65.pdf
66,2026-02-19,I-21/44/2026-W&M Section,AKAR CONTROLS,Non-automatic weighing instrument,66,23683,https://lm.doca.gov.in/ModelApproval/Certificates/2026/66.pdf
67,2026-02-19,I-21/44/2026-W&M Section,AKAR CONTROLS,Non-automatic weighing instrument,67,23690,https://lm.doca.gov.in/ModelApproval/Certificates/2026/67.pdf
68,2026-02-19,I-21/44/2026-W&M Section,AKAR CONTROLS,Non-automatic weighing instrument,68,23696,https://lm.doca.gov.in/ModelApproval/Certificates/2026/68.pdf
69,2026-02-20,I-21/41/2026-W&M Section,E.G Kantawalla Pvt Ltd,Non-automatic weighing instrument,69,23361,https://lm.doca.gov.in/ModelApproval/Certificates/2026/69.pdf
70,2026-02-20,I-21/46/2025-W&M Section,DIAMOND SALES,Non-automatic weighing instrument,70,23904,https://lm.doca.gov.in/ModelApproval/Certificates/2026/70.pdf
71,2026-02-20,I-21/43/2026-W&M Section,Lars Marketing,Table top Type,71,23802,https://lm.doca.gov.in/ModelApproval/Certificates/2026/71.pdf
72,2026-02-24,21/317/2025,APPLE WEIGHINFRA LIMITED,Non-automatic weighing instrument,72,23391,https://lm.doca.gov.in/ModelApproval/Certificates/2026/72.pdf
73,2026-02-24,21/22/2026,KANIMOZHI WEIGHING INDUSTRIES,Non-automatic weighing instrument,73,23645,https://lm.doca.gov.in/ModelApproval/Certificates/2026/73.pdf
74,2026-02-24,21/22/2026,KANIMOZHI WEIGHING INDUSTRIES,Non-automatic weighing instrument,74,23646,https://lm.doca.gov.in/ModelApproval/Certificates/2026/74.pdf
75,2026-02-24,21/22/2026,KANIMOZHI WEIGHING INDUSTRIES,Non-automatic weighing instrument,75,23647,https://lm.doca.gov.in/ModelApproval/Certificates/2026/75.pdf
76,2026-02-24,21/22/2026,KANIMOZHI WEIGHING INDUSTRIES,Non-automatic weighing instrument,76,23648,https://lm.doca.gov.in/ModelApproval/Certificates/2026/76.pdf
77,2026-02-24,21/47/2026,TRC POWER TECH,Non-automatic weighing instrument,77,23818,https://lm.doca.gov.in/ModelApproval/Certificates/2026/77.pdf
78,2026-02-24,21/19/2026,ACCUMET SOLUTIONS,Water Meter,78,23636,https://lm.doca.gov.in/ModelApproval/Certificates/2026/78.pdf
79,2026-02-24,21/19/2026,ACCUMET SOLUTIONS,Water Meter,79,23635,https://lm.doca.gov.in/ModelApproval/Certificates/2026/79.pdf
80,2026-02-24,21/32/2026,GROZ ENGINEERING TOOLS PRIVATE LIMITED,Measuring Systems for Liquids Other than Water,80,23796,https://lm.doca.gov.in/ModelApproval/Certificates/2026/80.pdf
81,2026-02-27,I-21/17/2026-W&M Section,LUCKEY ELECTRONIC WEIGHING SCALE,Non-automatic weighing instrument,81,23455,https://lm.doca.gov.in/ModelApproval/Certificates/2026/81.pdf
82,2026-03-02,I-21/54/2026-W&M Section,TEDAE INDUSTRIES,Non-automatic weighing instrument,82,23851,https://lm.doca.gov.in/ModelApproval/Certificates/2026/82.pdf
83,2026-03-02,I-21/54/2026-W&M Section,TEDAE INDUSTRIES,Non-automatic weighing instrument,83,23852,https://lm.doca.gov.in/ModelApproval/Certificates/2026/83.pdf
84,2026-03-02,I-21/53/2026-W&M Section,DIAMOND SALES,Non-automatic weighing instrument,84,23905,https://lm.doca.gov.in/ModelApproval/Certificates/2026/84.pdf
85,2026-03-03,I-21/51/2026-W&M Section,"M/S, WEIGHT PRO INSTRUMENT",Non-automatic weighing instrument,85,23884,https://lm.doca.gov.in/ModelApproval/Certificates/2026/85.pdf
86,2026-03-03,I-21/51/2026-W&M Section,"M/S, WEIGHT PRO INSTRUMENT",Non-automatic weighing instrument,86,23883,https://lm.doca.gov.in/ModelApproval/Certificates/2026/86.pdf
87,2026-03-03,I-21/56/2026-W&M Section,E.G Kantawalla Pvt Ltd,Non-automatic weighing instrument,87,23352,https://lm.doca.gov.in/ModelApproval/Certificates/2026/87.pdf
88,2026-03-03,I-21/36/2026-W&M Section,METTLER-TOLEDO INDIA PRIVATE LIMITED,Non-automatic weighing instrument,88,23580,https://lm.doca.gov.in/ModelApproval/Certificates/2026/88.pdf
89,2026-03-03,I-21/60/2026-W&M Section,MEHTA ENTERPRISES,Non-automatic weighing instrument,89,23837,https://lm.doca.gov.in/ModelApproval/Certificates/2026/89.pdf
90,2026-03-03,I-21/61/2026-W&M Section,KWALITY WEIGH (INDIA),Non-automatic weighing instrument,90,23864,https://lm.doca.gov.in/ModelApproval/Certificates/2026/90.pdf
91,2026-03-05,I-21/27/2026-W&M Section,HINDALCO INDUSTRIES LIMITED,Automatic Gravimetric Filling Instrument,91,23831,https://lm.doca.gov.in/ModelApproval/Certificates/2026/91.pdf
92,2026-03-05,I-21/39/2026-W&M Section,M/s. Jay Instruments And Systems Private Limited,Electronic Tank Weighing type,92,18727,https://lm.doca.gov.in/ModelApproval/Certificates/2026/92.pdf
93,2026-03-05,I-21/39/2026-W&M Section,M/s. Jay Instruments And Systems Private Limited,Electronic Tank Weighing type,93,18728,https://lm.doca.gov.in/ModelApproval/Certificates/2026/93.pdf
94,2026-03-05,I-21/21/2026-W&M Section,CHUGH SCALES PRIVATE LIMITED,Non-automatic weighing instrument,94,23640,https://lm.doca.gov.in/ModelApproval/Certificates/2026/94.pdf
95,2026-03-06,I-21/50/2026-W&M Section,H. ENTERPRISES,Any other Weight or Measure,95,23855,https://lm.doca.gov.in/ModelApproval/Certificates/2026/95.pdf
96,2026-03-06,I-21/50/2026-W&M Section,H. ENTERPRISES,Any other Weight or Measure,96,23856,https://lm.doca.gov.in/ModelApproval/Certificates/2026/96.pdf
97,2026-03-06,I-21/64/2026-W&M Section,DIAMOND SALES,Non-automatic weighing instrument,97,23979,https://lm.doca.gov.in/ModelApproval/Certificates/2026/97.pdf
98,2026-03-09,I-21/55/2026-W&M Section,ELSTER-INSTROMET INDIA PRIVATE LIMITED,Gas Meters,98,23881,https://lm.doca.gov.in/ModelApproval/Certificates/2026/98.pdf
99,2026-03-09,I-21/57/2026-W&M Section,HONEYWELL AUTOMATION INDIA LIMITED,Gas Meters,99,23880,https://lm.doca.gov.in/ModelApproval/Certificates/2026/99.pdf
100,2026-03-10,I-21/42/2026-W&M Section,M/S KUMAR SYSTEM,Automatic Instruments for weighing road vehicles in-motion and measuring axle loads,100,23411,https://lm.doca.gov.in/ModelApproval/Certificates/2026/100.pdf
101,2026-03-10,I-21/62/2026-W&M Section,VIGNESH ENGINEERING SYSTEMS,Non-automatic weighing instrument,101,23680,https://lm.doca.gov.in/ModelApproval/Certificates/2026/101.pdf
102,2026-03-10,I-21/62/2026-W&M Section,VIGNESH ENGINEERING SYSTEMS,Non-automatic weighing instrument,102,23682,https://lm.doca.gov.in/ModelApproval/Certificates/2026/102.pdf
103,2026-03-10,I-21/62/2026-W&M Section,VIGNESH ENGINEERING SYSTEMS,Non-automatic weighing instrument,103,23686,https://lm.doca.gov.in/ModelApproval/Certificates/2026/103.pdf
104,2026-03-10,I-21/58/2026-W&M Section,PEPSICO INDIA HOLDINGS PRIVATE LIMITED,Catch Weighing Instrument (Check Weigher),104,23833,https://lm.doca.gov.in/ModelApproval/Certificates/2026/104.pdf
105,2026-03-12,I-21/63/2026-W&M Section,DIAMOND SALES,Non-automatic weighing instrument,105,23656,https://lm.doca.gov.in/ModelApproval/Certificates/2026/105.pdf
106,2026-03-12,I-21/67/2026-W&M Section,ESKAY WEIGHING SYSTEMS LLP,Non-automatic weighing instrument,106,23685,https://lm.doca.gov.in/ModelApproval/Certificates/2026/106.pdf
107,2026-03-13,I-21/72/2026-W&M Section,OHAUS WEIGHING INDIA PRIVATE LIMITED,Non-automatic weighing instrument,107,23857,https://lm.doca.gov.in/ModelApproval/Certificates/2026/107.pdf
108,2026-03-13,I-21/72/2026-W&M Section,OHAUS WEIGHING INDIA PRIVATE LIMITED,Non-automatic weighing instrument,108,23858,https://lm.doca.gov.in/ModelApproval/Certificates/2026/108.pdf
109,2026-03-13,I-21/52/2026-W&M Section,SHRIYAN INNOVATIVE,Non-automatic weighing instrument,109,23871,https://lm.doca.gov.in/ModelApproval/Certificates/2026/109.pdf
110,2026-03-13,I-21/52/2026-W&M Section,SHRIYAN INNOVATIVE,Non-automatic weighing instrument,110,23872,https://lm.doca.gov.in/ModelApproval/Certificates/2026/110.pdf
111,2026-03-13,I-21/66/2026-W&M Section,SANSUI ELECTRONICS,Non-automatic weighing instrument,111,23878,https://lm.doca.gov.in/ModelApproval/Certificates/2026/111.pdf
112,2026-03-13,I-21/66/2026-W&M Section,SANSUI ELECTRONICS,Non-automatic weighing instrument,112,23879,https://lm.doca.gov.in/ModelApproval/Certificates/2026/112.pdf
113,2026-03-13,I-21/73/2026-W&M Section,METTLER-TOLEDO INDIA PRIVATE LIMITED,Non-automatic weighing instrument,113,23459,https://lm.doca.gov.in/ModelApproval/Certificates/2026/113.pdf
114,2026-03-13,I-21/74/2026-W&M Section,ABINASH DIGITAL SCALES,Non-automatic weighing instrument,114,23612,https://lm.doca.gov.in/ModelApproval/Certificates/2026/114.pdf
115,2026-03-13,I-21/75/2026-W&M Section,GIRISH CHANDRA GHOSH & G.G.S.,Liquor measures,115,23414,https://lm.doca.gov.in/ModelApproval/Certificates/2026/115.pdf
116,2026-03-13,I-21/59/2026-W&M Section,A&D INSTRUMENTS INDIA PRIVATE LIMITED,Non-automatic weighing instrument,116,23658,https://lm.doca.gov.in/ModelApproval/Certificates/2026/116.pdf
117,2026-03-13,I-21/59/2026-W&M Section,A&D INSTRUMENTS INDIA PRIVATE LIMITED,Non-automatic weighing instrument,117,23659,https://lm.doca.gov.in/ModelApproval/Certificates/2026/117.pdf
118,2026-03-13,I-21/77/2026-W&M Section,APPLE WEIGHINFRA LIMITED,Non-automatic weighing instrument,118,23393,https://lm.doca.gov.in/ModelApproval/Certificates/2026/118.pdf
119,2026-03-18,I-21/79/2026-W&M Section,JOY BABA LOKENATH TRADING,Non-automatic weighing instrument,119,23901,https://lm.doca.gov.in/ModelApproval/Certificates/2026/119.pdf
120,2026-03-18,I-21/79/2026-W&M Section,JOY BABA LOKENATH TRADING,Non-automatic weighing instrument,120,23902,https://lm.doca.gov.in/ModelApproval/Certificates/2026/120.pdf
121,2026-03-18,I-21/79/2026-W&M Section,JOY BABA LOKENATH TRADING,Non-automatic weighing instrument,121,23903,https://lm.doca.gov.in/ModelApproval/Certificates/2026/121.pdf
122,2026-03-18,I-21/79/2026-W&M Section,JOY BABA LOKENATH TRADING,Non-automatic weighing instrument,122,23984,https://lm.doca.gov.in/ModelApproval/Certificates/2026/122.pdf
123,2026-03-20,I-21/70/2026-W&M Section,VISION WORLDTECH PRIVATE LIMITED,Flow Meters,123,23551,https://lm.doca.gov.in/ModelApproval/Certificates/2026/123.pdf
124,2026-03-20,I-21/80/2026-W&M Section,YORKER ENGINEERING PRIVATE LIMITED,Measuring tape,124,23893,https://lm.doca.gov.in/ModelApproval/Certificates/2026/124.pdf
125,2026-03-20,I-21/80/2026-W&M Section,YORKER ENGINEERING PRIVATE LIMITED,Measuring tape,125,23894,https://lm.doca.gov.in/ModelApproval/Certificates/2026/125.pdf
126,2026-03-20,I-21/80/2026-W&M Section,YORKER ENGINEERING PRIVATE LIMITED,Measuring tape,126,23895,https://lm.doca.gov.in/ModelApproval/Certificates/2026/126.pdf
127,2026-03-24,I-21/45/2026-W&M Section,KRISHNA ENTERPRISES,Non-automatic weighing instrument,127,18497,https://lm.doca.gov.in/ModelApproval/Certificates/2026/127.pdf
128,2026-03-24,I-21/78/2026-W&M Section,SPAN TECHNOLOGIES,Non-automatic weighing instrument,128,23887,https://lm.doca.gov.in/ModelApproval/Certificates/2026/128.pdf
129,2026-03-24,I-21/78/2026-W&M Section,SPAN TECHNOLOGIES,Any other Weight or Measure,129,23889,https://lm.doca.gov.in/ModelApproval/Certificates/2026/129.pdf
130,2026-03-24,I-21/78/2026-W&M Section,SPAN TECHNOLOGIES,Any other Weight or Measure,130,23890,https://lm.doca.gov.in/ModelApproval/Certificates/2026/130.pdf
131,2026-03-24,I-21/83/2026-W&M Section,OCEAN KING INTERNATIONAL,Non-automatic weighing instrument,131,23899,https://lm.doca.gov.in/ModelApproval/Certificates/2026/131.pdf
132,2026-03-25,I-21/65/2026-W&M Section,APPLE METER MANUFACTURING COMPANY,Auto Rickshaw and Taxi Meter,132,23623,https://lm.doca.gov.in/ModelApproval/Certificates/2026/132.pdf
133,2026-03-25,I-21/65/2026-W&M Section,APPLE METER MANUFACTURING COMPANY,Auto Rickshaw and Taxi Meter,133,23624,https://lm.doca.gov.in/ModelApproval/Certificates/2026/133.pdf
134,2026-03-27,I-21/88/2026-W&M Section,A&D INSTRUMENTS INDIA PRIVATE LIMITED,Non-automatic weighing instrument,134,23797,https://lm.doca.gov.in/ModelApproval/Certificates/2026/134.pdf
135,2026-03-27,I-21/84/2026-W&M Section,J.M.KATAWALA,Non-automatic weighing instrument,135,23834,https://lm.doca.gov.in/ModelApproval/Certificates/2026/135.pdf
136,2026-03-27,I-21/84/2026-W&M Section,J.M.KATAWALA,Non-automatic weighing instrument,136,23841,https://lm.doca.gov.in/ModelApproval/Certificates/2026/136.pdf
137,2026-03-27,I-21/76/2026-W&M Section,FLEXO PACK MACHINES PRIVATE LIMITED,Any other Weight or Measure,137,22111,https://lm.doca.gov.in/ModelApproval/Certificates/2026/137.pdf
138,2026-03-27,I-21/48/2026-W&M Section,FLOW METERING TECHNOLOGY PRIVATE LIMITED,Gas Meters,138,23331,https://lm.doca.gov.in/ModelApproval/Certificates/2026/138.pdf
139,2026-03-30,I-21/85/2026,KRAB INTERNATIONAL,Non-automatic weighing instrument,139,23974,https://lm.doca.gov.in/ModelApproval/Certificates/2026/139.pdf
140,2026-03-30,I-21/85/2026,KRAB INTERNATIONAL,Non-automatic weighing instrument,140,23973,https://lm.doca.gov.in/ModelApproval/Certificates/2026/140.pdf
141,2026-03-30,I-21/85/2026,KRAB INTERNATIONAL,Non-automatic weighing instrument,141,23972,https://lm.doca.gov.in/ModelApproval/Certificates/2026/141.pdf
142,2026-03-30,I-21/89/2026,ARCHERCHEM INSTRUMENTS,Non-automatic weighing instrument,142,23675,https://lm.doca.gov.in/ModelApproval/Certificates/2026/142.pdf
143,2026-03-30,I-21/85/2026,KRAB INTERNATIONAL,Non-automatic weighing instrument,143,24010,https://lm.doca.gov.in/ModelApproval/Certificates/2026/143.pdf
144,2026-04-02,I-21/90/2026-W&M Section,DIGITA COMPUTE SERVICE,Non-automatic weighing instrument,144,14041,https://lm.doca.gov.in/ModelApproval/Certificates/2026/144.pdf
145,2026-04-02,I-21/90/2026-W&M Section,Digita Compute Servce,Non-automatic weighing instrument,145,14008,https://lm.doca.gov.in/ModelApproval/Certificates/2026/145.pdf
146,2026-04-01,I-21/93/2026-W&M Section,BHAVANI SCALES,Non-automatic weighing instrument,146,23962,https://lm.doca.gov.in/ModelApproval/Certificates/2026/146.pdf
147,2026-04-02,I-21/94/2026-W&M Section,GIYANA INDUSTRIES PRIVATE LIMITED,Measuring tape,147,23999,https://lm.doca.gov.in/ModelApproval/Certificates/2026/147.pdf
148,2026-04-02,I-21/94/2026-W&M Section,GIYANA INDUSTRIES PRIVATE LIMITED,Any other Weight or Measure,148,24032,https://lm.doca.gov.in/ModelApproval/Certificates/2026/148.pdf
149,2026-04-06,I-21/81/2026-W&M Section,EMMPPE ASSOCIATES,Automatic Gravimetric Filling Instrument,149,23829,https://lm.doca.gov.in/ModelApproval/Certificates/2026/149.pdf
150,2026-04-06,I-21/81/2026-W&M Section,EMMPPE ASSOCIATES,Automatic Gravimetric Filling Instrument,150,23828,https://lm.doca.gov.in/ModelApproval/Certificates/2026/150.pdf
151,2026-04-06,I-21/98/2026-W&M Section,MEDI FLEX OMNI PRIVATE LIMITED,Sphygmomanometer (Blood Pressure Meter),151,22048,https://lm.doca.gov.in/ModelApproval/Certificates/2026/151.pdf
152,2026-04-07,I-21/71/2026-W&M Section,TRC POWER TECH,Non-automatic weighing instrument,152,23819,https://lm.doca.gov.in/ModelApproval/Certificates/2026/152.pdf
153,2026-04-07,I-21/99/2026-W&M Section,RAJ ENGG INDUSTRIES,Non-automatic weighing instrument,153,24016,https://lm.doca.gov.in/ModelApproval/Certificates/2026/153.pdf
154,2026-04-07,I-21/100/2026-W&M Section,ZEEKERS TECHNOLOGY SOLUTIONS PRIVATE LIMITED,Non-automatic weighing instrument,154,23958,https://lm.doca.gov.in/ModelApproval/Certificates/2026/154.pdf
155,2026-04-07,I-21/95/2026-W&M Section,M.V.Agency.,Non-automatic weighing instrument,155,23891,https://lm.doca.gov.in/ModelApproval/Certificates/2026/155.pdf
156,2026-04-07,I-21/95/2026-W&M Section,M.V.Agency.,Non-automatic weighing instrument,156,23892,https://lm.doca.gov.in/ModelApproval/Certificates/2026/156.pdf
157,2026-04-07,I-21/86/2026-W&M Section,B TECH ENGINEERING WORKS,Non-automatic weighing instrument,157,23842,https://lm.doca.gov.in/ModelApproval/Certificates/2026/157.pdf
158,2026-04-07,I-21/86/2026-W&M Section,B TECH ENGINEERING WORKS,Non-automatic weighing instrument,158,23849,https://lm.doca.gov.in/ModelApproval/Certificates/2026/158.pdf
159,2026-04-07,I-21/86/2026-W&M Section,B TECH ENGINEERING WORKS,Non-automatic weighing instrument,159,23843,https://lm.doca.gov.in/ModelApproval/Certificates/2026/159.pdf
160,2026-04-07,I-21/68/2026-W&M Section,POWER SOURCE,Non-automatic weighing instrument,160,23784,https://lm.doca.gov.in/ModelApproval/Certificates/2026/160.pdf
161,2026-04-07,I-21/68/2026-W&M Section,POWER SOURCE,Non-automatic weighing instrument,161,23785,https://lm.doca.gov.in/ModelApproval/Certificates/2026/161.pdf
162,2026-04-08,I-21/69/2026-W&M Section,TETRA-PAK INDIA PRIVATE LIMITED,Catch Weighing Instrument (Check Weigher),162,23778,https://lm.doca.gov.in/ModelApproval/Certificates/2026/162.pdf
163,2026-04-13,I-21/92/2026-W&M Section,HONEYWELL AUTOMATION INDIA LIMITED,Gas Meters,163,24012,https://lm.doca.gov.in/ModelApproval/Certificates/2026/163.pdf
164,2026-04-13,I-21/97/2026-W&M Section,SHREE KRISHNA ENGINEERING WORKS,Non-automatic weighing instrument,164,23395,https://lm.doca.gov.in/ModelApproval/Certificates/2026/164.pdf
165,2026-04-13,I-21/97/2026-W&M Section,SHREE KRISHNA ENGINEERING WORKS,Non-automatic weighing instrument,165,23396,https://lm.doca.gov.in/ModelApproval/Certificates/2026/165.pdf
166,2026-04-13,I-21/97/2026-W&M Section,SHREE KRISHNA ENGINEERING WORKS,Non-automatic weighing instrument,166,23397,https://lm.doca.gov.in/ModelApproval/Certificates/2026/166.pdf
167,2026-04-13,I-21/97/2026-W&M Section,SHREE KRISHNA ENGINEERING WORKS,Non-automatic weighing instrument,167,23398,https://lm.doca.gov.in/ModelApproval/Certificates/2026/167.pdf
168,2026-04-13,I-21/97/2026-W&M Section,SHREE KRISHNA ENGINEERING WORKS,Non-automatic weighing instrument,168,23399,https://lm.doca.gov.in/ModelApproval/Certificates/2026/168.pdf
169,2026-04-13,I-21/104/2026-W&M Section,AASSH ENTERPRISES,Non-automatic weighing instrument,169,23284,https://lm.doca.gov.in/ModelApproval/Certificates/2026/169.pdf
170,2026-04-13,I-21/104/2026-W&M Section,AASSH ENTERPRISES,Non-automatic weighing instrument,170,23291,https://lm.doca.gov.in/ModelApproval/Certificates/2026/170.pdf
171,2026-04-15,I-21/107/2026-W&M Section,TRIDENT SYSTEMS,Auto Rickshaw and Taxi Meter,171,23886,https://lm.doca.gov.in/ModelApproval/Certificates/2026/171.pdf
172,2026-04-15,I-21/103/2026-W&M Section,SANDHYA SCALE WORKS,Non-automatic weighing instrument,172,24017,https://lm.doca.gov.in/ModelApproval/Certificates/2026/172.pdf
173,2026-04-15,I-21/103/2026-W&M Section,SANDHYA SCALE WORKS,Non-automatic weighing instrument,173,24018,https://lm.doca.gov.in/ModelApproval/Certificates/2026/173.pdf
174,2026-04-16,I-21/109/2026-W&M Section,UB TRADERS,Non-automatic weighing instrument,174,23853,https://lm.doca.gov.in/ModelApproval/Certificates/2026/174.pdf
175,2026-04-16,I-21/109/2026-W&M Section,UB TRADERS,Non-automatic weighing instrument,175,23846,https://lm.doca.gov.in/ModelApproval/Certificates/2026/175.pdf
176,2026-04-17,I-21/108/2026-W&M Section,GLOBAL TECHNOLOGIES,Non-automatic weighing instrument,176,23822,https://lm.doca.gov.in/ModelApproval/Certificates/2026/176.pdf
177,2026-04-17,I-21/108/2026-W&M Section,GLOBAL TECHNOLOGIES,Non-automatic weighing instrument,177,23908,https://lm.doca.gov.in/ModelApproval/Certificates/2026/177.pdf
178,2026-04-20,I-21/112/2026-W&M Section,INTECH ENTERPRISES,Non-automatic weighing instrument,178,23825,https://lm.doca.gov.in/ModelApproval/Certificates/2026/178.pdf
179,2026-04-20,I-21/112/2026-W&M Section,INTECH ENTERPRISES,Non-automatic weighing instrument,179,23826,https://lm.doca.gov.in/ModelApproval/Certificates/2026/179.pdf
180,2026-04-21,I-21/114/2026-W&M Section,METTLER-TOLEDO INDIA PRIVATE LIMITED,Non-automatic weighing instrument,180,24045,https://lm.doca.gov.in/ModelApproval/Certificates/2026/180.pdf
181,2026-04-21,I-21/117/2026-W&M Section,METTLER-TOLEDO INDIA PRIVATE LIMITED,Non-automatic weighing instrument,181,24044,https://lm.doca.gov.in/ModelApproval/Certificates/2026/181.pdf
182,2026-04-21,I-21/116/2026-W&M Section,SHREE KRISHNA ENGINEERING WORKS,Non-automatic weighing instrument,182,23400,https://lm.doca.gov.in/ModelApproval/Certificates/2026/182.pdf
183,2026-04-22,I-21/111/2026-W&M Section,GARGI INDUSTRIES,Non-automatic weighing instrument,183,23845,https://lm.doca.gov.in/ModelApproval/Certificates/2026/183.pdf
184,2026-04-22,I-21/118/2026-W&M Section,SHARP ELECTRONICS,Non-automatic weighing instrument,184,23960,https://lm.doca.gov.in/ModelApproval/Certificates/2026/184.pdf
185,2026-04-22,I-21/118/2026-W&M Section,SHARP ELECTRONICS,Non-automatic weighing instrument,185,24022,https://lm.doca.gov.in/ModelApproval/Certificates/2026/185.pdf
186,2026-04-22,I-21/120/2026-W&M Section,S K ENGINEERING,Non-automatic weighing instrument,186,23562,https://lm.doca.gov.in/ModelApproval/Certificates/2026/186.pdf
187,2026-04-22,I-21/120/2026-W&M Section,S K ENGINEERING,Non-automatic weighing instrument,187,23563,https://lm.doca.gov.in/ModelApproval/Certificates/2026/187.pdf
188,2026-04-24,I-21/121/2026,METTLER-TOLEDO INDIA PRIVATE LIMITED,Non-automatic weighing instrument,188,24042,https://lm.doca.gov.in/ModelApproval/Certificates/2026/188.pdf
189,2026-04-24,I-21/121/2026,METTLER-TOLEDO INDIA PRIVATE LIMITED,Non-automatic weighing instrument,189,24043,https://lm.doca.gov.in/ModelApproval/Certificates/2026/189.pdf
190,2026-04-28,I-21/87/2026-W&M Section,PUTZMEISTER CONCRETE MACHINES PRIVATE LIMITED,Discontinuous Totalizing Automatic Weighing Instrument (Hopper weigher),190,23412,https://lm.doca.gov.in/ModelApproval/Certificates/2026/190.pdf
191,2026-04-29,I-21/38/2026-W&M Section,PERUMANA INSTRUMENTS PRIVATE LIMITED,Non-automatic weighing instrument,191,23517,https://lm.doca.gov.in/ModelApproval/Certificates/2026/191.pdf
192,2026-04-29,I-21/38/2026-W&M Section,PERUMANA INSTRUMENTS PRIVATE LIMITED,Non-automatic weighing instrument,192,23519,https://lm.doca.gov.in/ModelApproval/Certificates/2026/192.pdf
193,2026-04-29,I-21/38/2026-W&M Section,PERUMANA INSTRUMENTS PRIVATE LIMITED,Non-automatic weighing instrument,193,23518,https://lm.doca.gov.in/ModelApproval/Certificates/2026/193.pdf
194,2026-04-29,I-21/119/2026-W&M Section,N-TECH WEIGHING SOLUTION,Non-automatic weighing instrument,194,23909,https://lm.doca.gov.in/ModelApproval/Certificates/2026/194.pdf
195,2026-04-29,I-21/119/2026-W&M Section,N-TECH WEIGHING SOLUTION,Non-automatic weighing instrument,195,23910,https://lm.doca.gov.in/ModelApproval/Certificates/2026/195.pdf
196,2026-04-29,I-21/119/2026-W&M Section,N-TECH WEIGHING SOLUTION,Non-automatic weighing instrument,196,23911,https://lm.doca.gov.in/ModelApproval/Certificates/2026/196.pdf
197,2026-04-30,I-21/105/2026-W&M Section,Suzuki Electronics,Automatic Gravimetric Filling Instrument,197,23670,https://lm.doca.gov.in/ModelApproval/Certificates/2026/197.pdf
198,2026-04-30,I-21/127/2026-W&M Section,S V WEIGHING SCALES SERVICE CENTRE,Non-automatic weighing instrument,198,23875,https://lm.doca.gov.in/ModelApproval/Certificates/2026/198.pdf
199,2026-04-30,I-21/122/2026-W&M Section,MAHATHI DIGITRANS,Non-automatic weighing instrument,199,24027,https://lm.doca.gov.in/ModelApproval/Certificates/2026/199.pdf
200,2026-04-30,I-21/122/2026-W&M Section,MAHATHI DIGITRANS,Non-automatic weighing instrument,200,24026,https://lm.doca.gov.in/ModelApproval/Certificates/2026/200.pdf
201,2026-05-04,I-21/126/2026-W&M Section,PACIFIC SCALES INDIA,Non-automatic weighing instrument,201,23906,https://lm.doca.gov.in/ModelApproval/Certificates/2026/201.pdf
202,2026-05-04,I-21/126/2026-W&M Section,PACIFIC SCALES INDIA,Non-automatic weighing instrument,202,23907,https://lm.doca.gov.in/ModelApproval/Certificates/2026/202.pdf
203,2026-05-04,I-21/129/2026-W&M Section,MICRON INSTRUMENTS,Non-automatic weighing instrument,203,24007,https://lm.doca.gov.in/ModelApproval/Certificates/2026/203.pdf
204,2026-05-04,I-21/129/2026-W&M Section,MICRON INSTRUMENTS,Non-automatic weighing instrument,204,24008,https://lm.doca.gov.in/ModelApproval/Certificates/2026/204.pdf
205,2026-05-05,I-21/49/2026-W&M Section,KIMPEX FLOW PRIVATE LIMITED,Gas Meters,205,23969,https://lm.doca.gov.in/ModelApproval/Certificates/2026/205.pdf
206,2026-05-08,21/130/2026,CONWEIGH PLUS INSTRUMENTS CO ..,Non-automatic weighing instrument,206,23860,https://lm.doca.gov.in/ModelApproval/Certificates/2026/206.pdf
207,2026-05-11,I-21/133/2026-W&M Section,MAHARAJA SCALE,Non-automatic weighing instrument,207,24038,https://lm.doca.gov.in/ModelApproval/Certificates/2026/207.pdf
208,2026-05-12,I-21/101/2026-W&M Section,EXACTURA MEASUREMENT INDIA PRIVATE LIMITED,Measuring Systems for Liquids Other than Water,208,24013,https://lm.doca.gov.in/ModelApproval/Certificates/2026/208.pdf
209,2026-05-12,I-21/101/2026-W&M Section,EXACTURA MEASUREMENT INDIA PRIVATE LIMITED,Measuring Systems for Liquids Other than Water,209,24014,https://lm.doca.gov.in/ModelApproval/Certificates/2026/209.pdf
210,2026-05-12,I-21/101/2026-W&M Section,EXACTURA MEASUREMENT INDIA PRIVATE LIMITED,Measuring Systems for Liquids Other than Water,210,24015,https://lm.doca.gov.in/ModelApproval/Certificates/2026/210.pdf
211,2026-05-12,I-21/138/2026-W&M Section,LUCKEY ELECTRONIC WEIGHING SCALE,Non-automatic weighing instrument,211,24072,https://lm.doca.gov.in/ModelApproval/Certificates/2026/211.pdf
212,2026-05-12,I-21/138/2026-W&M Section,LUCKEY ELECTRONIC WEIGHING SCALE,Non-automatic weighing instrument,212,24073,https://lm.doca.gov.in/ModelApproval/Certificates/2026/212.pdf
213,2026-05-13,I-21/113/2026-W&M Section,"WEIGHING SCALES AND WEIGH BRIDGES MANUFACTURING,SALES,SERVICE",Non-automatic weighing instrument,213,23990,https://lm.doca.gov.in/ModelApproval/Certificates/2026/213.pdf
214,2026-05-13,I-21/113/2026-W&M Section,"WEIGHING SCALES AND WEIGH BRIDGES MANUFACTURING,SALES,SERVICE",Non-automatic weighing instrument,214,23992,https://lm.doca.gov.in/ModelApproval/Certificates/2026/214.pdf
215,2026-05-13,I-21/137/2026-W&M Section,APOLO SCALE INDUSTRIES PRIVATE LIMITED,Any other Weight or Measure,215,23627,https://lm.doca.gov.in/ModelApproval/Certificates/2026/215.pdf
216,2026-05-13,I-21/137/2026-W&M Section,APOLO SCALE INDUSTRIES PRIVATE LIMITED,Any other Weight or Measure,216,23628,https://lm.doca.gov.in/ModelApproval/Certificates/2026/216.pdf
217,2026-05-13,I-21/115/2026-W&M Section,SHREE BALAJI ENTERPRISES,Non-automatic weighing instrument,217,23963,https://lm.doca.gov.in/ModelApproval/Certificates/2026/217.pdf
218,2026-05-13,I-21/115/2026-W&M Section,SHREE BALAJI ENTERPRISES,Non-automatic weighing instrument,218,23964,https://lm.doca.gov.in/ModelApproval/Certificates/2026/218.pdf
219,2026-05-13,I-21/131/2026-W&M Section,VISION WORLDTECH PRIVATE LIMITED,Water Meter,219,23792,https://lm.doca.gov.in/ModelApproval/Certificates/2026/219.pdf
220,2026-05-14,I-21/143/2026-W&M Section,BARON HEALTH PRIVATE LIMITED,Non-automatic weighing instrument,220,24101,https://lm.doca.gov.in/ModelApproval/Certificates/2026/220.pdf
221,2026-05-14,I-21/142/2026-W&M Section,OMACE BRANDS PRIVATE LIMITED,Non-automatic weighing instrument,221,24052,https://lm.doca.gov.in/ModelApproval/Certificates/2026/221.pdf
222,2026-05-14,I-21/139/2026-W&M Section,CONCEPTRENEUR VENTURES PRIVATE LIMITED,Sphygmomanometer (Blood Pressure Meter),222,24039,https://lm.doca.gov.in/ModelApproval/Certificates/2026/222.pdf
223,2026-05-14,I-21/125/2026-W&M Section,MODERN SCALE COMPANY,Non-automatic weighing instrument,223,23847,https://lm.doca.gov.in/ModelApproval/Certificates/2026/223.pdf
224,2026-05-14,I-21/144/2026-W&M Section,H. ENTERPRISES,Non-automatic weighing instrument,224,23896,https://lm.doca.gov.in/ModelApproval/Certificates/2026/224.pdf
225,2026-05-15,I-21/147/2026-W&M Section,"M/S, R.K. WEIGHING COMPANY,",Non-automatic weighing instrument,225,24089,https://lm.doca.gov.in/ModelApproval/Certificates/2026/225.pdf
226,2026-05-18,I-21/128/2026-W&M Section,SHRI LAKSHMI VENKATESWARA WEIGHING SCALES,Non-automatic weighing instrument,226,24033,https://lm.doca.gov.in/ModelApproval/Certificates/2026/226.pdf
227,2026-05-18,I-21/128/2026-W&M Section,SHRI LAKSHMI VENKATESWARA WEIGHING SCALES,Non-automatic weighing instrument,227,24034,https://lm.doca.gov.in/ModelApproval/Certificates/2026/227.pdf
228,2026-05-18,I-21/128/2026-W&M Section,SHRI LAKSHMI VENKATESWARA WEIGHING SCALES,Non-automatic weighing instrument,228,24035,https://lm.doca.gov.in/ModelApproval/Certificates/2026/228.pdf
229,2026-05-18,I-21/128/2026-W&M Section,SHRI LAKSHMI VENKATESWARA WEIGHING SCALES,Non-automatic weighing instrument,229,24036,https://lm.doca.gov.in/ModelApproval/Certificates/2026/229.pdf
230,2026-05-19,I-21/102/2026-W&M Section,Suzuki Electronics,Non-automatic weighing instrument,230,23795,https://lm.doca.gov.in/ModelApproval/Certificates/2026/230.pdf
231,2026-05-19,I-21/149/2026-W&M Section,BALA TECHNOLOGY,Non-automatic weighing instrument,231,23965,https://lm.doca.gov.in/ModelApproval/Certificates/2026/231.pdf
232,2026-05-19,I-21/149/2026-W&M Section,BALA TECHNOLOGY,Non-automatic weighing instrument,232,23966,https://lm.doca.gov.in/ModelApproval/Certificates/2026/232.pdf
233,2026-05-20,I-21/148/2026-W&M Section,MAHARAJA SCALE,Non-automatic weighing instrument,233,23983,https://lm.doca.gov.in/ModelApproval/Certificates/2026/233.pdf
234,2026-05-20,I-21/110/2026-W&M Section,WEIGHING INDIA CORPORATION,Non-automatic weighing instrument,234,23953,https://lm.doca.gov.in/ModelApproval/Certificates/2026/234.pdf
235,2026-05-20,I-21/113/2026-W&M Section,"WEIGHING SCALES AND WEIGH BRIDGES MANUFACTURING,SALES,SERVICE",Non-automatic weighing instrument,235,23991,https://lm.doca.gov.in/ModelApproval/Certificates/2026/235.pdf
236,2026-05-21,I-21/124/2026-W&M Section,SHREE KRISHNA ENGINEERING WORKS,Non-automatic weighing instrument,236,23401,https://lm.doca.gov.in/ModelApproval/Certificates/2026/236.pdf
237,2026-05-21,I-21/150/2026-W&M Section,"M/s, Nirmal Industries",Non-automatic weighing instrument,237,24099,https://lm.doca.gov.in/ModelApproval/Certificates/2026/237.pdf
238,2026-05-21,I-21/150/2026-W&M Section,"M/s, Nirmal Industries",Non-automatic weighing instrument,238,24100,https://lm.doca.gov.in/ModelApproval/Certificates/2026/238.pdf
239,2026-05-21,I-21/150/2026-W&M Section,"M/s, Nirmal Industries",Non-automatic weighing instrument,239,24102,https://lm.doca.gov.in/ModelApproval/Certificates/2026/239.pdf
240,2026-05-21,I-21/152/2026-W&M Section,SHRI GANESH SALES PLAZA,Non-automatic weighing instrument,240,23954,https://lm.doca.gov.in/ModelApproval/Certificates/2026/240.pdf
241,2026-05-21,I-21/152/2026-W&M Section,SHRI GANESH SALES PLAZA,Non-automatic weighing instrument,241,23955,https://lm.doca.gov.in/ModelApproval/Certificates/2026/241.pdf
242,2026-05-21,I-21/157/2026-W&M Section,AUTOMAT INDUSTRIES PRIVATE LIMITED,Water Meter,242,24065,https://lm.doca.gov.in/ModelApproval/Certificates/2026/242.pdf
243,2026-05-21,I-21/136/2026-W&M Section,NATIONAL SCALE INDUSTRIES,Non-automatic weighing instrument,243,24049,https://lm.doca.gov.in/ModelApproval/Certificates/2026/243.pdf
244,2026-05-21,I-21/123/2026-W&M Section,SUNMAR WEIGHBRIDGE COMPANY,Non-automatic weighing instrument,244,23693,https://lm.doca.gov.in/ModelApproval/Certificates/2026/244.pdf
245,2026-05-21,I-21/141/2026-W&M Section,S K ENGINEERING,Non-automatic weighing instrument,245,23561,https://lm.doca.gov.in/ModelApproval/Certificates/2026/245.pdf
246,2026-05-21,I-21/102/2026-W&M Section,Suzuki Electronics,Measuring Systems for Liquids Other than Water,246,23669,https://lm.doca.gov.in/ModelApproval/Certificates/2026/246.pdf
247,2026-05-22,I-21/155/2026-W&M Section,GEETA METALS AND SUPPLY CO.,Non-automatic weighing instrument,247,24105,https://lm.doca.gov.in/ModelApproval/Certificates/2026/247.pdf
248,2026-05-25,21/146/2026,SPAN TECHNOLOGIES,Any other Weight or Measure,248,23888,https://lm.doca.gov.in/ModelApproval/Certificates/2026/248.pdf
249,2026-05-25,21/159/2026,SHREE SALASAR SALES,Non-automatic weighing instrument,249,24081,https://lm.doca.gov.in/ModelApproval/Certificates/2026/249.pdf
250,2026-05-25,21/159/2026,SHREE SALASAR SALES,Non-automatic weighing instrument,250,24082,https://lm.doca.gov.in/ModelApproval/Certificates/2026/250.pdf
251,2026-05-25,21/132/2026,M/S. ANITA TRADING COMPANY,Non-automatic weighing instrument,251,23694,https://lm.doca.gov.in/ModelApproval/Certificates/2026/251.pdf
252,2026-05-25,I-21/135/2026-W&M Section,E.G Kantawalla Pvt Ltd,Non-automatic weighing instrument,252,23360,https://lm.doca.gov.in/ModelApproval/Certificates/2026/252.pdf
253,2026-05-26,I-21/156/2026-W&M Section,SHAKTI ELECTRONICS,Auto Rickshaw and Taxi Meter,253,24002,https://lm.doca.gov.in/ModelApproval/Certificates/2026/253.pdf
254,2026-05-27,I-21/140/2026-W&M Section,ADVANCED TECHNOLOGY SOLUTIONS,Non-automatic weighing instrument,254,23971,https://lm.doca.gov.in/ModelApproval/Certificates/2026/254.pdf
255,2026-05-27,I-21/151/2026-W&M Section,QUANTICA ENGINEERING WORKS PRIVATE LIMITED,Non-automatic weighing instrument,255,23854,https://lm.doca.gov.in/ModelApproval/Certificates/2026/255.pdf
256,2026-05-29,I-21/162/2026-W&M Section,M.S. WEIGHING SCALES & SYSTEMS,Non-automatic weighing instrument,256,23986,https://lm.doca.gov.in/ModelApproval/Certificates/2026/256.pdf
257,2026-05-29,I-21/163/2026-W&M Section,POSIFLEX TECHNOLOGY (INDIA) PRIVATE LIMITED,Non-automatic weighing instrument,257,23840,https://lm.doca.gov.in/ModelApproval/Certificates/2026/257.pdf
258,2026-05-29,I-21/153/2026-W&M Section,MALAVIYA DIGITAL SCALE,Non-automatic weighing instrument,258,24114,https://lm.doca.gov.in/ModelApproval/Certificates/2026/258.pdf
259,2026-06-01,I-21/160/2026-W&M Section,GEMINI SCALES & EQUIPMENT,Non-automatic weighing instrument,259,24068,https://lm.doca.gov.in/ModelApproval/Certificates/2026/259.pdf
260,2026-06-01,I-21/160/2026-W&M Section,GEMINI SCALES & EQUIPMENT,Non-automatic weighing instrument,260,24069,https://lm.doca.gov.in/ModelApproval/Certificates/2026/260.pdf
261,2026-06-01,I-21/158/2026-W&M Section,HARDIK MEDITECH,Non-automatic weighing instrument,261,23839,https://lm.doca.gov.in/ModelApproval/Certificates/2026/261.pdf
262,2026-06-01,I-21/158/2026-W&M Section,HARDIK MEDITECH,Measuring tape,262,24011,https://lm.doca.gov.in/ModelApproval/Certificates/2026/262.pdf
263,2026-06-01,I-21/164/2026-W&M Section,MATRIX ELECTRONICS,Non-automatic weighing instrument,263,24059,https://lm.doca.gov.in/ModelApproval/Certificates/2026/263.pdf
264,2026-06-02,I-21/170/2026-W&M Section,V-TECH INNOVATIONS,Flow Meters,264,23877,https://lm.doca.gov.in/ModelApproval/Certificates/2026/264.pdf
265,2026-06-03,I-21/165/2026-W&M Section,MADHUR SOLUTIONS,Non-automatic weighing instrument,265,24122,https://lm.doca.gov.in/ModelApproval/Certificates/2026/265.pdf
266,2026-06-03,I-21/165/2026-W&M Section,MADHUR SOLUTIONS,Non-automatic weighing instrument,266,24123,https://lm.doca.gov.in/ModelApproval/Certificates/2026/266.pdf
267,2026-06-03,I-21/168/2026-W&M Section,BIZERBA INDIA Pvt. Ltd.,Non-automatic weighing instrument,267,24057,https://lm.doca.gov.in/ModelApproval/Certificates/2026/267.pdf
268,2026-06-03,I-21/169/2026-W&M Section,SHRI LAKSHMI VENKATESWARA WEIGHING SCALES,Non-automatic weighing instrument,268,24037,https://lm.doca.gov.in/ModelApproval/Certificates/2026/268.pdf
269,2026-06-03,I-21/154/2026-W&M Section,E.G Kantawalla Pvt Ltd,Non-automatic weighing instrument,269,23372,https://lm.doca.gov.in/ModelApproval/Certificates/2026/269.pdf
270,2026-06-03,I-21/325/2024-W&M Section,IV INNOVATIONS PRIVATE LIMITED,Any other Weight or Measure,270,18707,https://lm.doca.gov.in/ModelApproval/Certificates/2026/270.pdf
271,2026-06-03,I-21/325/2024-W&M Section,IV INNOVATIONS PRIVATE LIMITED,Any other Weight or Measure,271,18709,https://lm.doca.gov.in/ModelApproval/Certificates/2026/271.pdf
272,2026-06-04,I-21/173/2026-W&M Section,ADCO DIGITAL SYSTEMS,Non-automatic weighing instrument,272,23520,https://lm.doca.gov.in/ModelApproval/Certificates/2026/272.pdf
273,2026-06-04,I-21/167/2026-W&M Section,WEIGHTRONICS AND SOLUTIONS,Non-automatic weighing instrument,273,23684,https://lm.doca.gov.in/ModelApproval/Certificates/2026/273.pdf
274,2026-06-04,I-21/160/2026-W&M Section,GEMINI SCALES & EQUIPMENT,Non-automatic weighing instrument,274,24067,https://lm.doca.gov.in/ModelApproval/Certificates/2026/274.pdf
275,2026-06-04,I-21/172/2026-W&M Section,RETRO TRADE SOLUTIONS,Non-automatic weighing instrument,275,23850,https://lm.doca.gov.in/ModelApproval/Certificates/2026/275.pdf
276,2026-06-10,I-21/91/2026-W&M Section,SAFE AUTOMATION PRIVATE LIMITED,Catch Weighing Instrument (Check Weigher),276,24019,https://lm.doca.gov.in/ModelApproval/Certificates/2026/276.pdf
277,2026-06-10,I-21/178/2026-W&M Section,BMD GLOBAL TECHNOLOGIES PRIVATE LIMITED,Any other Weight or Measure,277,24096,https://lm.doca.gov.in/ModelApproval/Certificates/2026/277.pdf
278,2026-06-11,I-21/175/2026-W&M Section,AGRA BALANCE MANUFACTURING COMPANY,Non-automatic weighing instrument,278,24074,https://lm.doca.gov.in/ModelApproval/Certificates/2026/278.pdf
279,2026-06-11,I-21/175/2026-W&M Section,AGRA BALANCE MANUFACTURING COMPANY,Non-automatic weighing instrument,279,24075,https://lm.doca.gov.in/ModelApproval/Certificates/2026/279.pdf
280,2026-06-11,I-21/177/2026-W&M Section,JIVAN NAGJI AND COMPANY (INDIA) PRIVATE LIMITED,Non-automatic weighing instrument,280,24132,https://lm.doca.gov.in/ModelApproval/Certificates/2026/280.pdf
281,2026-06-11,I-21/176/2026-W&M Section,A ONE SALES,Non-automatic weighing instrument,281,23836,https://lm.doca.gov.in/ModelApproval/Certificates/2026/281.pdf
282,2026-06-12,I-21/174/2026-W&M Section,METTLER-TOLEDO INDIA PRIVATE LIMITED,Catch Weighing Instrument (Check Weigher),282,23629,https://lm.doca.gov.in/ModelApproval/Certificates/2026/282.pdf
283,2026-06-12,I-21/166/2026-W&M Section,PACIFIC SCALES INDIA,Non-automatic weighing instrument,283,24112,https://lm.doca.gov.in/ModelApproval/Certificates/2026/283.pdf
284,2026-06-15,21/186/2026,IRIS TECH,Non-automatic weighing instrument,284,24134,https://lm.doca.gov.in/ModelApproval/Certificates/2026/284.pdf
285,2026-06-15,21/186/2026,IRIS TECH,Non-automatic weighing instrument,285,24135,https://lm.doca.gov.in/ModelApproval/Certificates/2026/285.pdf
286,2026-06-18,I-21/188/2026-W&M Section,A&D INSTRUMENTS INDIA PRIVATE LIMITED,Non-automatic weighing instrument,286,23869,https://lm.doca.gov.in/ModelApproval/Certificates/2026/286.pdf
287,2026-06-19,I-21/192/2026-W&M Section,J D ENTERPRISES,Non-automatic weighing instrument,287,24152,https://lm.doca.gov.in/ModelApproval/Certificates/2026/287.pdf
288,2026-06-19,I-21/192/2026-W&M Section,J D ENTERPRISES,Non-automatic weighing instrument,288,24151,https://lm.doca.gov.in/ModelApproval/Certificates/2026/288.pdf
289,2026-06-19,I-21/195/2026-W&M Section,IRIS TECH,Non-automatic weighing instrument,289,24136,https://lm.doca.gov.in/ModelApproval/Certificates/2026/289.pdf
290,2026-06-19,I-21/191/2026-W&M Section,LARS MARKETING,Any other Weight or Measure,290,24001,https://lm.doca.gov.in/ModelApproval/Certificates/2026/290.pdf
291,2026-06-19,I-21/134/2026-W&M Section,AVIGHNA EPC SERVICES PRIVATE LIMITED,Measuring Systems for Liquids Other than Water,291,24084,https://lm.doca.gov.in/ModelApproval/Certificates/2026/291.pdf
292,2026-06-23,I-21/185/2026-W&M Section,FLEXO PACK MACHINES PRIVATE LIMITED,Any other Weight or Measure,292,22112,https://lm.doca.gov.in/ModelApproval/Certificates/2026/292.pdf
293,2026-06-23,I-21/171/2026-W&M Section,KANDHAN EQUIPMENTS PRIVATE LIMITED,Discontinuous Totalizing Automatic Weighing Instrument (Hopper weigher),293,24063,https://lm.doca.gov.in/ModelApproval/Certificates/2026/293.pdf
294,2026-06-23,I-21/189/2026-W&M Section,HARDIK MEDITECH,Non-automatic weighing instrument,294,24160,https://lm.doca.gov.in/ModelApproval/Certificates/2026/294.pdf
295,2026-06-23,I-21/183/2026-W&M Section,INFLOW TECHNOLOGIES PRIVATE LIMITED,Non-automatic weighing instrument,295,23474,https://lm.doca.gov.in/ModelApproval/Certificates/2026/295.pdf
296,2026-06-25,I-21/200/2026-W&M Section,VIJAY PRECISION INSTRUMENTS,Non-automatic weighing instrument,296,24138,https://lm.doca.gov.in/ModelApproval/Certificates/2026/296.pdf
297,2026-06-25,I-21/199/2026-W&M Section,HARDIK MEDITECH,Non-automatic weighing instrument,297,23811,https://lm.doca.gov.in/ModelApproval/Certificates/2026/297.pdf
298,2026-06-25,I-21/204/2026-W&M Section,ESSAE -TERAOKA PRIVATE LIMITED,Non-automatic weighing instrument,298,24070,https://lm.doca.gov.in/ModelApproval/Certificates/2026/298.pdf
299,2026-06-25,I-21/198/2026-W&M Section,M.S SCALES & SYSTEMS,Non-automatic weighing instrument,299,24140,https://lm.doca.gov.in/ModelApproval/Certificates/2026/299.pdf
